"5-day start","correlate"
"Tue 7 Jul 2015 00:00:00",0.2225365253002303
"Wed 8 Jul 2015 00:00:00",0.20904276653005477
"Thu 9 Jul 2015 00:00:00",0.8556249090076263
"Fri 10 Jul 2015 00:00:00",0.948640793100523
"Mon 13 Jul 2015 00:00:00",0.7478712199346662
"Tue 14 Jul 2015 00:00:00",0.7078968904237528
"Wed 15 Jul 2015 00:00:00",0.5072461495812102
"Thu 16 Jul 2015 00:00:00",-0.07070184965337271
"Fri 17 Jul 2015 00:00:00",-0.3595202879988015
"Mon 20 Jul 2015 00:00:00",-0.05070178125744012
"Tue 21 Jul 2015 00:00:00",-0.17443365084653473
"Wed 22 Jul 2015 00:00:00",0.38242947607872707
"Thu 23 Jul 2015 00:00:00",0.38879513751018163
"Fri 24 Jul 2015 00:00:00",-0.21509564122773187
"Mon 27 Jul 2015 00:00:00",0.23541861885328758
"Tue 28 Jul 2015 00:00:00",0.17713649453198635
"Wed 29 Jul 2015 00:00:00",-0.24961045991171169
"Thu 30 Jul 2015 00:00:00",0.06855472589196347
"Fri 31 Jul 2015 00:00:00",0.05772133289224029
"Mon 3 Aug 2015 00:00:00",-0.26429711834751013
"Tue 4 Aug 2015 00:00:00",0.30030544859896785
"Wed 5 Aug 2015 00:00:00",0.4508162055286397
"Thu 6 Aug 2015 00:00:00",0.4008021259253721
"Fri 7 Aug 2015 00:00:00",0.4728153516885326
"Mon 10 Aug 2015 00:00:00",0.8664697308390817
"Tue 11 Aug 2015 00:00:00",0.7817420317912327
"Wed 12 Aug 2015 00:00:00",0.8385785492803441
"Thu 13 Aug 2015 00:00:00",0.7587242673679435
"Fri 14 Aug 2015 00:00:00",0.5525737016690143
"Mon 17 Aug 2015 00:00:00",0.5403463282486626
"Tue 18 Aug 2015 00:00:00",0.6230739247025011
"Wed 19 Aug 2015 00:00:00",0.5789180472968132
"Thu 20 Aug 2015 00:00:00",0.9281819786703283
"Fri 21 Aug 2015 00:00:00",0.9212925702533109
"Mon 24 Aug 2015 00:00:00",0.9050190417366056
"Tue 25 Aug 2015 00:00:00",0.9427717062512138
"Wed 26 Aug 2015 00:00:00",0.9320275381838856
"Thu 27 Aug 2015 00:00:00",0.9422938324942437
"Fri 28 Aug 2015 00:00:00",0.9396716616379562
"Mon 31 Aug 2015 00:00:00",0.9434920990501428
"Tue 1 Sep 2015 00:00:00",0.9286282975376253
"Wed 2 Sep 2015 00:00:00",0.8607908583325808
"Thu 3 Sep 2015 00:00:00",0.8128930872183551
"Fri 4 Sep 2015 00:00:00",0.8039805722419592
"Tue 8 Sep 2015 00:00:00",0.7866582208389374
"Wed 9 Sep 2015 00:00:00",0.4865607207111647
"Thu 10 Sep 2015 00:00:00",-0.33366611785405276
"Fri 11 Sep 2015 00:00:00",0.4438252128381721
"Mon 14 Sep 2015 00:00:00",0.8261046327227433
"Tue 15 Sep 2015 00:00:00",0.5384240263245715
"Wed 16 Sep 2015 00:00:00",0.5895730269897996
"Thu 17 Sep 2015 00:00:00",0.42041176918733886
"Fri 18 Sep 2015 00:00:00",0.44880131210263885
"Mon 21 Sep 2015 00:00:00",0.13736203332512845
"Tue 22 Sep 2015 00:00:00",0.6461636258463972
"Wed 23 Sep 2015 00:00:00",0.6339050480637427
"Thu 24 Sep 2015 00:00:00",0.8141291987764884
"Fri 25 Sep 2015 00:00:00",0.8614125567077558
"Mon 28 Sep 2015 00:00:00",0.9841293152626908
"Tue 29 Sep 2015 00:00:00",0.9076458611160064
"Wed 30 Sep 2015 00:00:00",0.7506327813315942
"Thu 1 Oct 2015 00:00:00",0.7154692068638528
"Fri 2 Oct 2015 00:00:00",0.3480986837866949
"Mon 5 Oct 2015 00:00:00",0.3774862313561146
"Tue 6 Oct 2015 00:00:00",0.14049832752011338
"Wed 7 Oct 2015 00:00:00",0.41496755288277465
"Thu 8 Oct 2015 00:00:00",0.17274891127415043
"Fri 9 Oct 2015 00:00:00",0.3091229434918493
"Mon 12 Oct 2015 00:00:00",0.3686922397713978
"Tue 13 Oct 2015 00:00:00",0.02220033022633063
"Wed 14 Oct 2015 00:00:00",-0.5106358624083562
"Thu 15 Oct 2015 00:00:00",-0.07553454931931346
"Fri 16 Oct 2015 00:00:00",0.2446270581094323
"Mon 19 Oct 2015 00:00:00",-0.490107050043025
"Tue 20 Oct 2015 00:00:00",-0.4140508330350445
"Wed 21 Oct 2015 00:00:00",-0.42123130341775844
"Thu 22 Oct 2015 00:00:00",-0.4543957217213635
"Fri 23 Oct 2015 00:00:00",-0.47582254307924715
"Mon 26 Oct 2015 00:00:00",0.5504919000451712
"Tue 27 Oct 2015 00:00:00",0.6089056662419644
"Wed 28 Oct 2015 00:00:00",0.8921195650891366
"Thu 29 Oct 2015 00:00:00",0.9231448818306955
"Fri 30 Oct 2015 00:00:00",0.9362689938530503
"Mon 2 Nov 2015 00:00:00",-0.07390221356928689
"Tue 3 Nov 2015 00:00:00",-0.5376825863489845
"Wed 4 Nov 2015 00:00:00",-0.39010589915408034
"Thu 5 Nov 2015 00:00:00",-0.2830584968386533
"Fri 6 Nov 2015 00:00:00",-0.22653504129346635
"Mon 9 Nov 2015 00:00:00",0.6010889732982033
"Tue 10 Nov 2015 00:00:00",0.685265346196821
"Wed 11 Nov 2015 00:00:00",0.7645595540305372
"Thu 12 Nov 2015 00:00:00",0.8589245681809915
"Fri 13 Nov 2015 00:00:00",0.797976463440629
"Mon 16 Nov 2015 00:00:00",0.19751952958991217
"Tue 17 Nov 2015 00:00:00",0.2029132130498595
"Wed 18 Nov 2015 00:00:00",0.21589906193453684
"Thu 19 Nov 2015 00:00:00",-0.2564792148876857
"Fri 20 Nov 2015 00:00:00",-0.0538139901154574
"Mon 23 Nov 2015 00:00:00",-0.3387154786553605
"Tue 24 Nov 2015 00:00:00",0.15342480199072953
"Wed 25 Nov 2015 00:00:00",0.9013034949627192
"Fri 27 Nov 2015 00:00:00",0.10226178093279374
"Mon 30 Nov 2015 00:00:00",0.2231219494825142
"Tue 1 Dec 2015 00:00:00",0.23621303919900816
"Wed 2 Dec 2015 00:00:00",0.03405069612982731
"Thu 3 Dec 2015 00:00:00",-0.20867532207668746
"Fri 4 Dec 2015 00:00:00",0.9218664606868429
"Mon 7 Dec 2015 00:00:00",0.890326484000961
"Tue 8 Dec 2015 00:00:00",0.8075943117451692
"Wed 9 Dec 2015 00:00:00",0.8607142322114586
"Thu 10 Dec 2015 00:00:00",0.8344605132737747
"Fri 11 Dec 2015 00:00:00",0.9016180771117811
"Mon 14 Dec 2015 00:00:00",0.8682330033245378
"Tue 15 Dec 2015 00:00:00",0.9324498752033769
"Wed 16 Dec 2015 00:00:00",0.9530996261743024
"Thu 17 Dec 2015 00:00:00",0.9379886792997485
"Fri 18 Dec 2015 00:00:00",0.8621164800535188
"Mon 21 Dec 2015 00:00:00",0.7605431715200368
"Tue 22 Dec 2015 00:00:00",0.7434368054830938
"Wed 23 Dec 2015 00:00:00",0.7651157953034721
"Thu 24 Dec 2015 00:00:00",0.9226794573882547
"Mon 28 Dec 2015 00:00:00",0.2657168090974593
"Tue 29 Dec 2015 00:00:00",0.10961368535321668
"Wed 30 Dec 2015 00:00:00",-0.5493644062225085
"Thu 31 Dec 2015 00:00:00",-0.5756737876834913
"Mon 4 Jan 2016 00:00:00",-0.40871581409710067
"Tue 5 Jan 2016 00:00:00",0.041913193970638786
"Wed 6 Jan 2016 00:00:00",0.5830822858530622
"Thu 7 Jan 2016 00:00:00",0.7782121389703096
"Fri 8 Jan 2016 00:00:00",0.919775169117993
"Mon 11 Jan 2016 00:00:00",0.9289346830086133
"Tue 12 Jan 2016 00:00:00",0.9650296486303829
"Wed 13 Jan 2016 00:00:00",0.922579822825466
"Thu 14 Jan 2016 00:00:00",0.7698929406102657
"Fri 15 Jan 2016 00:00:00",0.6589451571051792
"Tue 19 Jan 2016 00:00:00",0.36051551047299873
"Wed 20 Jan 2016 00:00:00",0.437769257362254
"Thu 21 Jan 2016 00:00:00",0.5387340998873618
"Fri 22 Jan 2016 00:00:00",0.31445414171792563
"Mon 25 Jan 2016 00:00:00",-0.20485323177404355
"Tue 26 Jan 2016 00:00:00",-0.26387945851103806
"Wed 27 Jan 2016 00:00:00",-0.12038031713824479
"Thu 28 Jan 2016 00:00:00",-0.29180452262900647
"Fri 29 Jan 2016 00:00:00",-0.5416066622968175
"Mon 1 Feb 2016 00:00:00",0.4567195984175012
"Tue 2 Feb 2016 00:00:00",0.7646924584759646
"Wed 3 Feb 2016 00:00:00",0.6099317171073378
"Thu 4 Feb 2016 00:00:00",0.8383939835794714
"Fri 5 Feb 2016 00:00:00",0.8754591292673918
"Mon 8 Feb 2016 00:00:00",0.9058398892471154
"Tue 9 Feb 2016 00:00:00",0.622918097059355
"Wed 10 Feb 2016 00:00:00",0.34929302309863836
"Thu 11 Feb 2016 00:00:00",0.6139003138172091
"Fri 12 Feb 2016 00:00:00",0.5641138950029544
"Tue 16 Feb 2016 00:00:00",0.3507691654855049
"Wed 17 Feb 2016 00:00:00",0.46555204617401663
"Thu 18 Feb 2016 00:00:00",0.44857760259127116
"Fri 19 Feb 2016 00:00:00",0.18761006662410945
"Mon 22 Feb 2016 00:00:00",0.2176439663751863
"Tue 23 Feb 2016 00:00:00",0.8955768496042554
"Wed 24 Feb 2016 00:00:00",0.5439947022033069
"Thu 25 Feb 2016 00:00:00",0.583037257898894
"Fri 26 Feb 2016 00:00:00",0.563365444657775
"Mon 29 Feb 2016 00:00:00",0.984547623036553
"Tue 1 Mar 2016 00:00:00",0.9826298432823124
"Wed 2 Mar 2016 00:00:00",0.738491419661379
"Thu 3 Mar 2016 00:00:00",0.44464271493589497
"Fri 4 Mar 2016 00:00:00",0.39070978524393424
"Mon 7 Mar 2016 00:00:00",0.7707779995352652
"Tue 8 Mar 2016 00:00:00",0.3714861469685286
"Wed 9 Mar 2016 00:00:00",0.06196645827672659
"Thu 10 Mar 2016 00:00:00",0.06248087360250762
"Fri 11 Mar 2016 00:00:00",-0.12462060314735947
"Mon 14 Mar 2016 00:00:00",0.513619625212286
"Tue 15 Mar 2016 00:00:00",0.8410304546453043
"Wed 16 Mar 2016 00:00:00",0.8082528261392975
"Thu 17 Mar 2016 00:00:00",0.30938213016021027
"Fri 18 Mar 2016 00:00:00",0.20621404917744898
"Mon 21 Mar 2016 00:00:00",-0.7398100246834376
"Tue 22 Mar 2016 00:00:00",-0.5047676688502892
"Wed 23 Mar 2016 00:00:00",-0.4251072430289715
"Thu 24 Mar 2016 00:00:00",0.011016146089601237
"Mon 28 Mar 2016 00:00:00",0.15281990253973182
"Tue 29 Mar 2016 00:00:00",0.7615690929583854
"Wed 30 Mar 2016 00:00:00",0.9007235818986896
"Thu 31 Mar 2016 00:00:00",0.9132294074546493
"Fri 1 Apr 2016 00:00:00",0.9460383415934372
"Mon 4 Apr 2016 00:00:00",0.6621163826031533
"Tue 5 Apr 2016 00:00:00",0.6867702927320436
"Wed 6 Apr 2016 00:00:00",0.4437117000580808
"Thu 7 Apr 2016 00:00:00",-0.16471018864390424
"Fri 8 Apr 2016 00:00:00",-0.2230911295754068
"Mon 11 Apr 2016 00:00:00",-0.5464894040860887
"Tue 12 Apr 2016 00:00:00",-0.5225024419811001
"Wed 13 Apr 2016 00:00:00",-0.3561715836075134
"Thu 14 Apr 2016 00:00:00",-0.08132317154119445
"Fri 15 Apr 2016 00:00:00",0.243829070498778
"Mon 18 Apr 2016 00:00:00",0.3935320759691932
"Tue 19 Apr 2016 00:00:00",0.48424735397336865
"Wed 20 Apr 2016 00:00:00",0.5685891330241721
"Thu 21 Apr 2016 00:00:00",0.7787014100225386
"Fri 22 Apr 2016 00:00:00",0.3905757065798593
"Mon 25 Apr 2016 00:00:00",0.42954435950047015
"Tue 26 Apr 2016 00:00:00",0.6462267005828874
"Wed 27 Apr 2016 00:00:00",0.6534459665299721
"Thu 28 Apr 2016 00:00:00",0.25229204017795265
"Fri 29 Apr 2016 00:00:00",0.3905021553410087
"Mon 2 May 2016 00:00:00",0.12403407061714238
"Tue 3 May 2016 00:00:00",0.04954846646883014
"Wed 4 May 2016 00:00:00",0.06462548901694613
"Thu 5 May 2016 00:00:00",0.3565431984408625
"Fri 6 May 2016 00:00:00",0.9038796856521455
"Mon 9 May 2016 00:00:00",0.7991876361742595
"Tue 10 May 2016 00:00:00",0.891981566054521
"Wed 11 May 2016 00:00:00",0.9384980429951775
"Thu 12 May 2016 00:00:00",0.9107884985051472
"Fri 13 May 2016 00:00:00",0.5004014289324314
"Mon 16 May 2016 00:00:00",0.4829954638330142
"Tue 17 May 2016 00:00:00",0.44299131858348173
"Wed 18 May 2016 00:00:00",-0.09811058121261501
"Thu 19 May 2016 00:00:00",-0.047095714016714564
"Fri 20 May 2016 00:00:00",0.6519469072114856
"Mon 23 May 2016 00:00:00",0.6994296749995492
"Tue 24 May 2016 00:00:00",0.536061792512829
"Wed 25 May 2016 00:00:00",-0.7518484854020109
"Thu 26 May 2016 00:00:00",-0.9827675467516616
"Fri 27 May 2016 00:00:00",-0.6616477905483306
"Tue 31 May 2016 00:00:00",-0.7174082247664954
"Wed 1 Jun 2016 00:00:00",-0.4853282629025588
"Thu 2 Jun 2016 00:00:00",-0.515971251975769
"Fri 3 Jun 2016 00:00:00",-0.5110014853626369
"Mon 6 Jun 2016 00:00:00",0.33700136424873733
"Tue 7 Jun 2016 00:00:00",0.7072265429796222
"Wed 8 Jun 2016 00:00:00",0.36215894612440963
"Thu 9 Jun 2016 00:00:00",0.43885517193084433
"Fri 10 Jun 2016 00:00:00",0.46720891702275785
"Mon 13 Jun 2016 00:00:00",0.5320451197543401
"Tue 14 Jun 2016 00:00:00",0.5769666623168523
"Wed 15 Jun 2016 00:00:00",0.9108772168683724
"Thu 16 Jun 2016 00:00:00",0.9137965498080078
"Fri 17 Jun 2016 00:00:00",0.9359763233209926
"Mon 20 Jun 2016 00:00:00",0.988199192733349
"Tue 21 Jun 2016 00:00:00",0.6966245691056857
"Wed 22 Jun 2016 00:00:00",0.7693684993625096
"Thu 23 Jun 2016 00:00:00",0.813869319864792
"Fri 24 Jun 2016 00:00:00",0.8300891527536851
"Mon 27 Jun 2016 00:00:00",0.8383438200421901
"Tue 28 Jun 2016 00:00:00",0.836751714203965
"Wed 29 Jun 2016 00:00:00",0.8329147626138499
"Thu 30 Jun 2016 00:00:00",0.5908829295222096
"Fri 1 Jul 2016 00:00:00",-0.0822471188186605
"Tue 5 Jul 2016 00:00:00",-0.2403754170063532
"Wed 6 Jul 2016 00:00:00",0.07288411194644417
"Thu 7 Jul 2016 00:00:00",0.17672950477161972
"Fri 8 Jul 2016 00:00:00",0.1811145645064819
"Mon 11 Jul 2016 00:00:00",-0.5756874997410912
"Tue 12 Jul 2016 00:00:00",-0.5864418398031499
"Wed 13 Jul 2016 00:00:00",-0.808309355932311
"Thu 14 Jul 2016 00:00:00",-0.9068134593582503
"Fri 15 Jul 2016 00:00:00",-0.4087934246358006
"Mon 18 Jul 2016 00:00:00",-0.006409163716119247
"Tue 19 Jul 2016 00:00:00",0.21441205393634105
"Wed 20 Jul 2016 00:00:00",0.30504668085481734
"Thu 21 Jul 2016 00:00:00",0.43929349962170655
"Fri 22 Jul 2016 00:00:00",0.8563706655541445
"Mon 25 Jul 2016 00:00:00",0.6816809952850118
"Tue 26 Jul 2016 00:00:00",0.5647570950612931
"Wed 27 Jul 2016 00:00:00",0.5965406290926449
"Thu 28 Jul 2016 00:00:00",0.8426878343887031
"Fri 29 Jul 2016 00:00:00",0.506394622560238
"Mon 1 Aug 2016 00:00:00",0.6183650512466269
"Tue 2 Aug 2016 00:00:00",0.5687319640338281
"Wed 3 Aug 2016 00:00:00",0.3550368519723462
"Thu 4 Aug 2016 00:00:00",0.7120978031372012
"Fri 5 Aug 2016 00:00:00",0.8661058506980029
"Mon 8 Aug 2016 00:00:00",0.45388204834781287
"Tue 9 Aug 2016 00:00:00",0.6192895734440352
"Wed 10 Aug 2016 00:00:00",-0.03772929296553382
"Thu 11 Aug 2016 00:00:00",0.3094876964279265
"Fri 12 Aug 2016 00:00:00",0.36236317809766194
"Mon 15 Aug 2016 00:00:00",0.3615292782403857
"Tue 16 Aug 2016 00:00:00",0.5348642601255749
"Wed 17 Aug 2016 00:00:00",-0.5266075427292036
"Thu 18 Aug 2016 00:00:00",0.08087890629457015
"Fri 19 Aug 2016 00:00:00",0.7377642338971739
"Mon 22 Aug 2016 00:00:00",0.47044385891062074
"Tue 23 Aug 2016 00:00:00",0.0005306206380876712
"Wed 24 Aug 2016 00:00:00",0.08903194006784064
"Thu 25 Aug 2016 00:00:00",0.08192992035477631
"Fri 26 Aug 2016 00:00:00",0.14832845927882363
"Mon 29 Aug 2016 00:00:00",-0.07958141370392069
"Tue 30 Aug 2016 00:00:00",0.013052100337913798
"Wed 31 Aug 2016 00:00:00",-0.09671736969755747
"Thu 1 Sep 2016 00:00:00",0.2386554415790696
"Fri 2 Sep 2016 00:00:00",0.37683741965007217
"Tue 6 Sep 2016 00:00:00",0.5832376372714673
"Wed 7 Sep 2016 00:00:00",0.8881145889573289
"Thu 8 Sep 2016 00:00:00",0.8967776553272806
"Fri 9 Sep 2016 00:00:00",0.9070815341005759
"Mon 12 Sep 2016 00:00:00",0.8162288855409155
"Tue 13 Sep 2016 00:00:00",0.460507108921342
"Wed 14 Sep 2016 00:00:00",0.6225885868780943
"Thu 15 Sep 2016 00:00:00",0.6712192674697761
"Fri 16 Sep 2016 00:00:00",0.01281521282974699
"Mon 19 Sep 2016 00:00:00",-0.013648169227282592
"Tue 20 Sep 2016 00:00:00",0.18834389649209599
"Wed 21 Sep 2016 00:00:00",0.259112058795
"Thu 22 Sep 2016 00:00:00",-0.043960420221400086
"Fri 23 Sep 2016 00:00:00",0.9080668635620415
"Mon 26 Sep 2016 00:00:00",0.7894495953366146
"Tue 27 Sep 2016 00:00:00",0.5592209983013257
"Wed 28 Sep 2016 00:00:00",0.638194044701749
"Thu 29 Sep 2016 00:00:00",0.540668803812069
"Fri 30 Sep 2016 00:00:00",0.2798509445674838
"Mon 3 Oct 2016 00:00:00",-0.0675366806288155
"Tue 4 Oct 2016 00:00:00",0.6208680555531166
"Wed 5 Oct 2016 00:00:00",0.7243719329895935
"Thu 6 Oct 2016 00:00:00",0.5544852300444311
"Fri 7 Oct 2016 00:00:00",0.534048523301305
"Mon 10 Oct 2016 00:00:00",0.6529379813930272
"Tue 11 Oct 2016 00:00:00",0.6052683611668316
"Wed 12 Oct 2016 00:00:00",0.28154098768981606
"Thu 13 Oct 2016 00:00:00",0.27458956634309223
"Fri 14 Oct 2016 00:00:00",0.08947840889437439
"Mon 17 Oct 2016 00:00:00",0.03824471392045146
"Tue 18 Oct 2016 00:00:00",-0.12505561298685428
"Wed 19 Oct 2016 00:00:00",0.10114821457097334
"Thu 20 Oct 2016 00:00:00",0.09003414835034887
"Fri 21 Oct 2016 00:00:00",0.04235510804774089
"Mon 24 Oct 2016 00:00:00",0.29941408116267765
"Tue 25 Oct 2016 00:00:00",0.26981427552984516
"Wed 26 Oct 2016 00:00:00",0.20794987233638124
"Thu 27 Oct 2016 00:00:00",0.23835541400213914
"Fri 28 Oct 2016 00:00:00",0.2846488141396884
"Mon 31 Oct 2016 00:00:00",-0.3095541679270603
"Tue 1 Nov 2016 00:00:00",0.6029945843366405
"Wed 2 Nov 2016 00:00:00",0.4652840246769036
"Thu 3 Nov 2016 00:00:00",0.37545412730486494
"Fri 4 Nov 2016 00:00:00",0.4882048055105129
"Mon 7 Nov 2016 00:00:00",0.44357593820063007
"Tue 8 Nov 2016 00:00:00",0.004543014698244185
"Wed 9 Nov 2016 00:00:00",0.06524055999489524
"Thu 10 Nov 2016 00:00:00",0.6023750004588151
"Fri 11 Nov 2016 00:00:00",0.7623285212221864
"Mon 14 Nov 2016 00:00:00",0.8448064081253831
"Tue 15 Nov 2016 00:00:00",0.5769873452782385
"Wed 16 Nov 2016 00:00:00",0.6746952693259197
"Thu 17 Nov 2016 00:00:00",0.3565823485487606
"Fri 18 Nov 2016 00:00:00",0.37429919658447397
"Mon 21 Nov 2016 00:00:00",0.22766967749880496
"Tue 22 Nov 2016 00:00:00",-0.09491455354312026
"Wed 23 Nov 2016 00:00:00",-0.0031423500258380213
"Fri 25 Nov 2016 00:00:00",0.16357420676837656
"Mon 28 Nov 2016 00:00:00",0.0641335723956164
"Tue 29 Nov 2016 00:00:00",0.11505393345844606
"Wed 30 Nov 2016 00:00:00",0.5670577187069719
"Thu 1 Dec 2016 00:00:00",0.2772101281848751
"Fri 2 Dec 2016 00:00:00",-0.6247575719622747
"Mon 5 Dec 2016 00:00:00",-0.655658454668097
"Tue 6 Dec 2016 00:00:00",-0.038871210337087646
"Wed 7 Dec 2016 00:00:00",-0.0024216858402814232
"Thu 8 Dec 2016 00:00:00",-0.03729859992367637
"Fri 9 Dec 2016 00:00:00",0.49121161266522423
"Mon 12 Dec 2016 00:00:00",0.20014067801470317
"Tue 13 Dec 2016 00:00:00",0.0859524830352508
"Wed 14 Dec 2016 00:00:00",-0.49215945311208203
"Thu 15 Dec 2016 00:00:00",-0.8024097851633197
"Fri 16 Dec 2016 00:00:00",-0.9129521749646669
"Mon 19 Dec 2016 00:00:00",-0.9660183510431691
"Tue 20 Dec 2016 00:00:00",-0.9746958909409948
"Wed 21 Dec 2016 00:00:00",-0.9258784008487678
"Thu 22 Dec 2016 00:00:00",-0.9275883352965459
"Fri 23 Dec 2016 00:00:00",-0.7568030205671316
"Tue 27 Dec 2016 00:00:00",-0.31592907805053627
"Wed 28 Dec 2016 00:00:00",-0.49317985129250536
"Thu 29 Dec 2016 00:00:00",-0.5333361811114031
"Fri 30 Dec 2016 00:00:00",0.4108129937500134
"Tue 3 Jan 2017 00:00:00",0.008699489864326507
"Wed 4 Jan 2017 00:00:00",-0.6165977659066146
"Thu 5 Jan 2017 00:00:00",0.30178105956064966
"Fri 6 Jan 2017 00:00:00",0.3440192446121075
"Mon 9 Jan 2017 00:00:00",0.48201520315804147
"Tue 10 Jan 2017 00:00:00",0.5772606087098759
"Wed 11 Jan 2017 00:00:00",0.3403251898164958
"Thu 12 Jan 2017 00:00:00",0.09255119296306746
"Fri 13 Jan 2017 00:00:00",0.1281263690441486
"Tue 17 Jan 2017 00:00:00",0.1371231560618659
"Wed 18 Jan 2017 00:00:00",0.3499213551435459
"Thu 19 Jan 2017 00:00:00",0.19541905046711125
"Fri 20 Jan 2017 00:00:00",-0.0988890566143364
"Mon 23 Jan 2017 00:00:00",0.30936902344988015
"Tue 24 Jan 2017 00:00:00",0.449308148258041
"Wed 25 Jan 2017 00:00:00",0.3806800741238688
"Thu 26 Jan 2017 00:00:00",0.026523633654840537
"Fri 27 Jan 2017 00:00:00",0.1932606974201315
"Mon 30 Jan 2017 00:00:00",0.29330263139708385
"Tue 31 Jan 2017 00:00:00",0.24492502067920072
"Wed 1 Feb 2017 00:00:00",0.46480012847928676
"Thu 2 Feb 2017 00:00:00",0.2659444754383586
"Fri 3 Feb 2017 00:00:00",0.36440429733145424
"Mon 6 Feb 2017 00:00:00",0.25771125816366924
"Tue 7 Feb 2017 00:00:00",-0.017270613439071936
"Wed 8 Feb 2017 00:00:00",0.20735666023756225
"Thu 9 Feb 2017 00:00:00",0.1544666474200643
"Fri 10 Feb 2017 00:00:00",0.8037568506175184
"Mon 13 Feb 2017 00:00:00",0.8281875714036385
"Tue 14 Feb 2017 00:00:00",0.46695584332803586
"Wed 15 Feb 2017 00:00:00",0.49768099321810266
"Thu 16 Feb 2017 00:00:00",0.4787261999638307
"Fri 17 Feb 2017 00:00:00",0.15807000351689623
"Tue 21 Feb 2017 00:00:00",0.6695218726402113
"Wed 22 Feb 2017 00:00:00",0.7068452445659005
"Thu 23 Feb 2017 00:00:00",0.5242466200239193
"Fri 24 Feb 2017 00:00:00",0.44671749836638835
"Mon 27 Feb 2017 00:00:00",0.428142159060168
"Tue 28 Feb 2017 00:00:00",-0.15608611145157844
"Wed 1 Mar 2017 00:00:00",0.4108232121398424
"Thu 2 Mar 2017 00:00:00",0.6842879253681375
"Fri 3 Mar 2017 00:00:00",0.25121896883835393
"Mon 6 Mar 2017 00:00:00",0.20690981153262275
"Tue 7 Mar 2017 00:00:00",-0.022781286599375734
"Wed 8 Mar 2017 00:00:00",-0.340602620639286
"Thu 9 Mar 2017 00:00:00",-0.05055770765651329
"Fri 10 Mar 2017 00:00:00",0.17574525716229944
"Mon 13 Mar 2017 00:00:00",0.6614488610478054
"Tue 14 Mar 2017 00:00:00",0.9635251497394448
"Wed 15 Mar 2017 00:00:00",0.9135504498909959
"Thu 16 Mar 2017 00:00:00",0.8900098492731262
"Fri 17 Mar 2017 00:00:00",0.8016607752266557
"Mon 20 Mar 2017 00:00:00",0.6897709732456856
"Tue 21 Mar 2017 00:00:00",0.7485214390126663
"Wed 22 Mar 2017 00:00:00",0.5052747158483114
"Thu 23 Mar 2017 00:00:00",0.25142750058933494
"Fri 24 Mar 2017 00:00:00",0.5330903686254154
"Mon 27 Mar 2017 00:00:00",0.49458803155943487
"Tue 28 Mar 2017 00:00:00",0.5931065722980136
"Wed 29 Mar 2017 00:00:00",0.36533221465092713
"Thu 30 Mar 2017 00:00:00",0.42916043813981736
"Fri 31 Mar 2017 00:00:00",0.6793915206635853
"Mon 3 Apr 2017 00:00:00",0.6585014285342161
"Tue 4 Apr 2017 00:00:00",0.43861385298910893
"Wed 5 Apr 2017 00:00:00",0.43319991010655984
"Thu 6 Apr 2017 00:00:00",0.10799855681521994
"Fri 7 Apr 2017 00:00:00",0.018769060117131676
"Mon 10 Apr 2017 00:00:00",-0.08595801532495248
"Tue 11 Apr 2017 00:00:00",-0.34251750969722333
"Wed 12 Apr 2017 00:00:00",-0.29872681048460764
"Thu 13 Apr 2017 00:00:00",-0.30282914417790957
"Mon 17 Apr 2017 00:00:00",-0.3002843001968131
"Tue 18 Apr 2017 00:00:00",-0.46566771268893753
"Wed 19 Apr 2017 00:00:00",-0.2722120678411613
"Thu 20 Apr 2017 00:00:00",0.33163303810912403
"Fri 21 Apr 2017 00:00:00",0.32781864134498107
"Mon 24 Apr 2017 00:00:00",0.2415182136314095
"Tue 25 Apr 2017 00:00:00",0.20024375387220103
"Wed 26 Apr 2017 00:00:00",0.14227382718684273
"Thu 27 Apr 2017 00:00:00",-0.8321357657360235
"Fri 28 Apr 2017 00:00:00",-0.7535498041003947
"Mon 1 May 2017 00:00:00",-0.586435793570865
"Tue 2 May 2017 00:00:00",-0.348561368323055
"Wed 3 May 2017 00:00:00",0.505814537447005
"Thu 4 May 2017 00:00:00",0.3397083951638857
"Fri 5 May 2017 00:00:00",0.5502432032445334
"Mon 8 May 2017 00:00:00",0.5680438556570006
"Tue 9 May 2017 00:00:00",0.6374965533772853
"Wed 10 May 2017 00:00:00",0.6232382839505038
"Thu 11 May 2017 00:00:00",0.04158513089320888
"Fri 12 May 2017 00:00:00",0.19083337700343014
"Mon 15 May 2017 00:00:00",0.10593135068366381
"Tue 16 May 2017 00:00:00",0.20630888349063742
"Wed 17 May 2017 00:00:00",0.13653382162034647
"Thu 18 May 2017 00:00:00",-0.054013320600238314
"Fri 19 May 2017 00:00:00",-0.10337081500386737
"Mon 22 May 2017 00:00:00",0.3023636086574768
"Tue 23 May 2017 00:00:00",-0.16118956807638957
"Wed 24 May 2017 00:00:00",0.4346602602635653
"Thu 25 May 2017 00:00:00",0.5297428766428055
"Fri 26 May 2017 00:00:00",0.35240531627720856
"Tue 30 May 2017 00:00:00",0.44687950402832377
"Wed 31 May 2017 00:00:00",0.6476586974808753
"Thu 1 Jun 2017 00:00:00",0.4973699808878694
"Fri 2 Jun 2017 00:00:00",-0.2833124903577052
"Mon 5 Jun 2017 00:00:00",0.18331821246398605
"Tue 6 Jun 2017 00:00:00",-0.2251854032685052
"Wed 7 Jun 2017 00:00:00",-0.040199954926613685
"Thu 8 Jun 2017 00:00:00",-0.12219636642998148
"Fri 9 Jun 2017 00:00:00",0.2504538281830018
"Mon 12 Jun 2017 00:00:00",-0.2541546225150534
"Tue 13 Jun 2017 00:00:00",0.4744501672610348
"Wed 14 Jun 2017 00:00:00",0.32228861752570037
"Thu 15 Jun 2017 00:00:00",0.37927148996573457
"Fri 16 Jun 2017 00:00:00",0.3531353216342219
"Mon 19 Jun 2017 00:00:00",0.8956640229471554
"Tue 20 Jun 2017 00:00:00",0.5054767734829939
"Wed 21 Jun 2017 00:00:00",0.6677662412112132
"Thu 22 Jun 2017 00:00:00",0.7184777872360645
"Fri 23 Jun 2017 00:00:00",0.6172156797968757
"Mon 26 Jun 2017 00:00:00",0.4619995068595404
"Tue 27 Jun 2017 00:00:00",0.35939975536058844
"Wed 28 Jun 2017 00:00:00",0.24598615329220397
"Thu 29 Jun 2017 00:00:00",-0.09526439119475655
"Fri 30 Jun 2017 00:00:00",0.22410450303309584
"Mon 3 Jul 2017 00:00:00",0.5031259588588534
"Wed 5 Jul 2017 00:00:00",0.4812281308975189
"Thu 6 Jul 2017 00:00:00",0.6646363267399961
"Fri 7 Jul 2017 00:00:00",-0.030801016886508638
"Mon 10 Jul 2017 00:00:00",-0.14662565267694655
"Tue 11 Jul 2017 00:00:00",-0.1842728379183769
"Wed 12 Jul 2017 00:00:00",-0.03478451811757614
"Thu 13 Jul 2017 00:00:00",-0.8084805398246154
"Fri 14 Jul 2017 00:00:00",-0.8087996831499699
"Mon 17 Jul 2017 00:00:00",-0.8009370428492858
"Tue 18 Jul 2017 00:00:00",-0.5710754376332831
"Wed 19 Jul 2017 00:00:00",0.5038062651403923
"Thu 20 Jul 2017 00:00:00",0.3658226768872138
"Fri 21 Jul 2017 00:00:00",0.1918624688267563
"Mon 24 Jul 2017 00:00:00",0.2183381457890187
"Tue 25 Jul 2017 00:00:00",0.4552258487628024
"Wed 26 Jul 2017 00:00:00",0.547729531785006
"Thu 27 Jul 2017 00:00:00",0.4863711016910476
"Fri 28 Jul 2017 00:00:00",0.30044464847620433
"Mon 31 Jul 2017 00:00:00",0.4317467604878031
"Tue 1 Aug 2017 00:00:00",0.5133196219505067
"Wed 2 Aug 2017 00:00:00",0.10193075335383128
"Thu 3 Aug 2017 00:00:00",0.3230502204437649
"Fri 4 Aug 2017 00:00:00",0.6394194040077655
"Mon 7 Aug 2017 00:00:00",0.7081412170879273
"Tue 8 Aug 2017 00:00:00",0.7699345488025642
"Wed 9 Aug 2017 00:00:00",0.8547263085733726
"Thu 10 Aug 2017 00:00:00",0.695666695851251
"Fri 11 Aug 2017 00:00:00",0.844303759667115
"Mon 14 Aug 2017 00:00:00",0.8732286481025717
"Tue 15 Aug 2017 00:00:00",0.8807288033873456
"Wed 16 Aug 2017 00:00:00",0.9679535026777093
"Thu 17 Aug 2017 00:00:00",0.9545309553640389
"Fri 18 Aug 2017 00:00:00",0.7141958416732165
"Mon 21 Aug 2017 00:00:00",0.4241579174064424
"Tue 22 Aug 2017 00:00:00",0.4038640362015867
"Wed 23 Aug 2017 00:00:00",-0.05093739136318189
"Thu 24 Aug 2017 00:00:00",0.19998912248290243
"Fri 25 Aug 2017 00:00:00",-0.005534121582586512
"Mon 28 Aug 2017 00:00:00",-0.027668411018118295
"Tue 29 Aug 2017 00:00:00",-0.3013666049558828
"Wed 30 Aug 2017 00:00:00",-0.4984570591469282
"Thu 31 Aug 2017 00:00:00",-0.6806062624242991
"Fri 1 Sep 2017 00:00:00",-0.8406387500740995
"Tue 5 Sep 2017 00:00:00",0.46396684941261823
"Wed 6 Sep 2017 00:00:00",0.8862432474060743
"Thu 7 Sep 2017 00:00:00",0.8946069536605417
"Fri 8 Sep 2017 00:00:00",0.749518859108389
"Mon 11 Sep 2017 00:00:00",0.8027441918307734
"Tue 12 Sep 2017 00:00:00",0.668755933070353
"Wed 13 Sep 2017 00:00:00",0.6268194483370607
"Thu 14 Sep 2017 00:00:00",0.7514349983195866
"Fri 15 Sep 2017 00:00:00",0.8117466205337309
"Mon 18 Sep 2017 00:00:00",0.8549954511475635
"Tue 19 Sep 2017 00:00:00",-0.3074137944385567
"Wed 20 Sep 2017 00:00:00",-0.022331949999597298
"Thu 21 Sep 2017 00:00:00",0.09184372382142587
"Fri 22 Sep 2017 00:00:00",0.08705551926156625
"Mon 25 Sep 2017 00:00:00",-0.8567529440348013
"Tue 26 Sep 2017 00:00:00",-0.4521234388975412
"Wed 27 Sep 2017 00:00:00",-0.294245772202081
"Thu 28 Sep 2017 00:00:00",-0.45573041927159896
"Fri 29 Sep 2017 00:00:00",-0.5242725071673443
"Mon 2 Oct 2017 00:00:00",-0.7026612513174689
"Tue 3 Oct 2017 00:00:00",0.4051833087482056
"Wed 4 Oct 2017 00:00:00",-0.4456114035357208
"Thu 5 Oct 2017 00:00:00",-0.43761498495325274
"Fri 6 Oct 2017 00:00:00",-0.5661951254588062
"Mon 9 Oct 2017 00:00:00",-0.763169055025918
"Tue 10 Oct 2017 00:00:00",-0.9239175528385289
"Wed 11 Oct 2017 00:00:00",-0.3316649682210938
"Thu 12 Oct 2017 00:00:00",-0.7738617377954551
"Fri 13 Oct 2017 00:00:00",0.4995913648990044
"Mon 16 Oct 2017 00:00:00",0.6636920929676119
"Tue 17 Oct 2017 00:00:00",0.08784218771310955
"Wed 18 Oct 2017 00:00:00",0.20976117159381477
"Thu 19 Oct 2017 00:00:00",0.37027683001300166
"Fri 20 Oct 2017 00:00:00",-0.5209927033939651
"Mon 23 Oct 2017 00:00:00",-0.5458575478406558
"Tue 24 Oct 2017 00:00:00",0.5994945207998105
"Wed 25 Oct 2017 00:00:00",0.4091393694994892
"Thu 26 Oct 2017 00:00:00",0.4516345477463901
"Fri 27 Oct 2017 00:00:00",0.5744684064133453
"Mon 30 Oct 2017 00:00:00",0.5533343616849221
"Tue 31 Oct 2017 00:00:00",-0.3705009322839539
"Wed 1 Nov 2017 00:00:00",-0.5254698388614862
"Thu 2 Nov 2017 00:00:00",-0.3273816309232698
"Fri 3 Nov 2017 00:00:00",-0.22743236522022994
"Mon 6 Nov 2017 00:00:00",-0.3624780711760626
"Tue 7 Nov 2017 00:00:00",-0.02506264103611904
"Wed 8 Nov 2017 00:00:00",0.5059474995302001
"Thu 9 Nov 2017 00:00:00",0.6818198478076575
"Fri 10 Nov 2017 00:00:00",0.9014712129421022
"Mon 13 Nov 2017 00:00:00",0.9792181827870509
"Tue 14 Nov 2017 00:00:00",0.9901555123185772
"Wed 15 Nov 2017 00:00:00",0.9943060050277083
"Thu 16 Nov 2017 00:00:00",0.963977530870411
"Fri 17 Nov 2017 00:00:00",0.6870489481554681
"Mon 20 Nov 2017 00:00:00",0.7525928761328173
"Tue 21 Nov 2017 00:00:00",0.5563149844906958
"Wed 22 Nov 2017 00:00:00",-0.7741353179756347
"Fri 24 Nov 2017 00:00:00",-0.781862542410981
"Mon 27 Nov 2017 00:00:00",-0.8900946284781394
"Tue 28 Nov 2017 00:00:00",-0.7555734457618768
"Wed 29 Nov 2017 00:00:00",-0.7162280240076442
"Thu 30 Nov 2017 00:00:00",-0.5233862098667448
"Fri 1 Dec 2017 00:00:00",-0.8068039112670035
"Mon 4 Dec 2017 00:00:00",-0.8644046867409708
"Tue 5 Dec 2017 00:00:00",0.49456778252319344
"Wed 6 Dec 2017 00:00:00",-0.05388828219564159
"Thu 7 Dec 2017 00:00:00",-0.28681902781640894
"Fri 8 Dec 2017 00:00:00",-0.29108250443795075
"Mon 11 Dec 2017 00:00:00",-0.304113034432241
"Tue 12 Dec 2017 00:00:00",-0.2838728570359114
"Wed 13 Dec 2017 00:00:00",0.3350780088219026
"Thu 14 Dec 2017 00:00:00",0.6037855719867978
"Fri 15 Dec 2017 00:00:00",-0.17495541447226526
"Mon 18 Dec 2017 00:00:00",-0.4737821356355614
"Tue 19 Dec 2017 00:00:00",-0.6440060423879046
"Wed 20 Dec 2017 00:00:00",-0.7003904749982685
"Thu 21 Dec 2017 00:00:00",-0.7993191771407178
"Fri 22 Dec 2017 00:00:00",-0.02265903617712726
"Tue 26 Dec 2017 00:00:00",0.9747176792023884
"Wed 27 Dec 2017 00:00:00",0.9775541306268705
"Thu 28 Dec 2017 00:00:00",0.6798710489945814
"Fri 29 Dec 2017 00:00:00",0.6536613841635622
"Tue 2 Jan 2018 00:00:00",0.6779418174495908
"Wed 3 Jan 2018 00:00:00",-0.04643413388410387
"Thu 4 Jan 2018 00:00:00",0.47686463389921835
"Fri 5 Jan 2018 00:00:00",0.38349163926457225
"Mon 8 Jan 2018 00:00:00",0.4937778991509344
"Tue 9 Jan 2018 00:00:00",-0.13936109123831672
"Wed 10 Jan 2018 00:00:00",0.2431150181996026
"Thu 11 Jan 2018 00:00:00",-0.08899961501876621
"Fri 12 Jan 2018 00:00:00",-0.1701946454107267
"Tue 16 Jan 2018 00:00:00",-0.08474175048714595
"Wed 17 Jan 2018 00:00:00",0.2735443820133701
"Thu 18 Jan 2018 00:00:00",-0.20321089818871318
"Fri 19 Jan 2018 00:00:00",-0.06935182187535227
"Mon 22 Jan 2018 00:00:00",0.2953380778576753
"Tue 23 Jan 2018 00:00:00",0.9642305108447811
"Wed 24 Jan 2018 00:00:00",0.8475140038059084
"Thu 25 Jan 2018 00:00:00",0.7250108349996424
"Fri 26 Jan 2018 00:00:00",0.630859061341625
"Mon 29 Jan 2018 00:00:00",0.6859309603235454
"Tue 30 Jan 2018 00:00:00",0.81534124437177
"Wed 31 Jan 2018 00:00:00",0.8542663078752456
"Thu 1 Feb 2018 00:00:00",0.9529939983790563
"Fri 2 Feb 2018 00:00:00",0.9610166631934753
"Mon 5 Feb 2018 00:00:00",0.8844154082516505
"Tue 6 Feb 2018 00:00:00",0.8491102792876625
"Wed 7 Feb 2018 00:00:00",0.8074477293546553
"Thu 8 Feb 2018 00:00:00",0.8239871039218517
"Fri 9 Feb 2018 00:00:00",0.0928533775325365
"Mon 12 Feb 2018 00:00:00",-0.39862580526001395
"Tue 13 Feb 2018 00:00:00",0.3925754406844552
"Wed 14 Feb 2018 00:00:00",0.5042477876059369
"Thu 15 Feb 2018 00:00:00",0.26302141756760133
"Fri 16 Feb 2018 00:00:00",0.33085061901476687
"Tue 20 Feb 2018 00:00:00",0.8741503544171572
"Wed 21 Feb 2018 00:00:00",0.6974118118661456
"Thu 22 Feb 2018 00:00:00",0.6877260049432528
"Fri 23 Feb 2018 00:00:00",0.7139397428671661
"Mon 26 Feb 2018 00:00:00",0.4653876789927847
"Tue 27 Feb 2018 00:00:00",0.6853399344983696
"Wed 28 Feb 2018 00:00:00",0.6161722804833353
"Thu 1 Mar 2018 00:00:00",0.4860628260437529
"Fri 2 Mar 2018 00:00:00",0.3373937879039389
"Mon 5 Mar 2018 00:00:00",0.45526680822150944
"Tue 6 Mar 2018 00:00:00",-0.025945184468235016
"Wed 7 Mar 2018 00:00:00",0.1485829274521755
"Thu 8 Mar 2018 00:00:00",-0.3771191844698579
"Fri 9 Mar 2018 00:00:00",-0.6039051532395338
"Mon 12 Mar 2018 00:00:00",-0.906598717243801
"Tue 13 Mar 2018 00:00:00",0.19327279023551172
"Wed 14 Mar 2018 00:00:00",0.304153480164933
"Thu 15 Mar 2018 00:00:00",0.3892890059409065
"Fri 16 Mar 2018 00:00:00",0.844510269711381
"Mon 19 Mar 2018 00:00:00",-0.0183191537202164
"Tue 20 Mar 2018 00:00:00",0.6348397310035288
"Wed 21 Mar 2018 00:00:00",0.7243296239577083
"Thu 22 Mar 2018 00:00:00",0.835371354146479
"Fri 23 Mar 2018 00:00:00",0.9346854416515659
"Mon 26 Mar 2018 00:00:00",0.8422090515753661
"Tue 27 Mar 2018 00:00:00",0.7554614739972253
"Wed 28 Mar 2018 00:00:00",0.7680651916028337
"Thu 29 Mar 2018 00:00:00",0.8766262402224201
"Mon 2 Apr 2018 00:00:00",0.8450561891168252
"Tue 3 Apr 2018 00:00:00",0.5680250425374521
"Wed 4 Apr 2018 00:00:00",0.642205052434104
"Thu 5 Apr 2018 00:00:00",0.8006439953062157
"Fri 6 Apr 2018 00:00:00",0.5816269127276521
"Mon 9 Apr 2018 00:00:00",0.16043357945272613
"Tue 10 Apr 2018 00:00:00",0.22706196321973243
"Wed 11 Apr 2018 00:00:00",0.09379007912454292
"Thu 12 Apr 2018 00:00:00",0.5070570632804654
"Fri 13 Apr 2018 00:00:00",0.7958894218806448
"Mon 16 Apr 2018 00:00:00",0.8469749873538596
"Tue 17 Apr 2018 00:00:00",0.6946279512758748
"Wed 18 Apr 2018 00:00:00",0.22741874873592433
"Thu 19 Apr 2018 00:00:00",0.48280822179924104
"Fri 20 Apr 2018 00:00:00",0.6789837230809469
"Mon 23 Apr 2018 00:00:00",0.7827091103521434
"Tue 24 Apr 2018 00:00:00",0.6072517685925215
"Wed 25 Apr 2018 00:00:00",0.21728607210439607
"Thu 26 Apr 2018 00:00:00",0.08875069733160923
"Fri 27 Apr 2018 00:00:00",0.13294642660067657
"Mon 30 Apr 2018 00:00:00",0.8805160770397849
"Tue 1 May 2018 00:00:00",0.773357575745547
"Wed 2 May 2018 00:00:00",0.7696122797737265
"Thu 3 May 2018 00:00:00",0.7350707822915913
"Fri 4 May 2018 00:00:00",0.8296194570341531
"Mon 7 May 2018 00:00:00",-0.024854062232788732
"Tue 8 May 2018 00:00:00",0.7514849048173303
"Wed 9 May 2018 00:00:00",0.8083808746135719
"Thu 10 May 2018 00:00:00",0.7626056542294608
"Fri 11 May 2018 00:00:00",0.5433997823947557
"Mon 14 May 2018 00:00:00",0.427493284038897
"Tue 15 May 2018 00:00:00",0.22667201984285737
"Wed 16 May 2018 00:00:00",-0.22695935968060674
"Thu 17 May 2018 00:00:00",-0.2537109845917452
"Fri 18 May 2018 00:00:00",-0.3283327560636547
"Mon 21 May 2018 00:00:00",-0.09333167963939695
"Tue 22 May 2018 00:00:00",0.12800761328120613
"Wed 23 May 2018 00:00:00",0.8009055819974304
"Thu 24 May 2018 00:00:00",0.8320991518203511
"Fri 25 May 2018 00:00:00",0.6748593447757613
"Tue 29 May 2018 00:00:00",0.8542667502482676
"Wed 30 May 2018 00:00:00",0.8581155195610903
"Thu 31 May 2018 00:00:00",0.9643022535873877
"Fri 1 Jun 2018 00:00:00",0.7127804930946122
"Mon 4 Jun 2018 00:00:00",0.6606347165233675
"Tue 5 Jun 2018 00:00:00",-0.04421582626986933
"Wed 6 Jun 2018 00:00:00",-0.02226504492174289
"Thu 7 Jun 2018 00:00:00",0.24653582706427407
"Fri 8 Jun 2018 00:00:00",-0.061230570211171835
"Mon 11 Jun 2018 00:00:00",-0.08214347215825234
"Tue 12 Jun 2018 00:00:00",-0.2995140322796687
"Wed 13 Jun 2018 00:00:00",-0.6132769441247534
"Thu 14 Jun 2018 00:00:00",-0.8107083514637053
"Fri 15 Jun 2018 00:00:00",-0.40444317830480586
"Mon 18 Jun 2018 00:00:00",-0.6036030031244878
"Tue 19 Jun 2018 00:00:00",0.5315311637008713
"Wed 20 Jun 2018 00:00:00",-0.03784316131954912
"Thu 21 Jun 2018 00:00:00",-0.15132249780544185
"Fri 22 Jun 2018 00:00:00",-0.25301764410674377
"Mon 25 Jun 2018 00:00:00",-0.01172341739511417
"Tue 26 Jun 2018 00:00:00",-0.22116444599156992
"Wed 27 Jun 2018 00:00:00",-0.5241703017114345
"Thu 28 Jun 2018 00:00:00",-0.24839438158037283
"Fri 29 Jun 2018 00:00:00",-0.18777177569404424
"Mon 2 Jul 2018 00:00:00",-0.22089918813455145
"Tue 3 Jul 2018 00:00:00",0.2435750958249286
"Thu 5 Jul 2018 00:00:00",0.7078839811344615
"Fri 6 Jul 2018 00:00:00",-0.22895357653844325
"Mon 9 Jul 2018 00:00:00",-0.3925838529067995
"Tue 10 Jul 2018 00:00:00",0.20312903357522916
"Wed 11 Jul 2018 00:00:00",0.4450064231816199
"Thu 12 Jul 2018 00:00:00",0.7094498739683343
"Fri 13 Jul 2018 00:00:00",0.5856761274642404
"Mon 16 Jul 2018 00:00:00",0.5600077014231878
"Tue 17 Jul 2018 00:00:00",0.6200726142877376
"Wed 18 Jul 2018 00:00:00",0.12877691452516388
"Thu 19 Jul 2018 00:00:00",0.6134576472367215
"Fri 20 Jul 2018 00:00:00",0.47505140255390244
"Mon 23 Jul 2018 00:00:00",0.551327758390528
"Tue 24 Jul 2018 00:00:00",0.3116278659896197
"Wed 25 Jul 2018 00:00:00",0.4336101525243751
"Thu 26 Jul 2018 00:00:00",-0.35976326264746844
"Fri 27 Jul 2018 00:00:00",-0.4107456721578468
"Mon 30 Jul 2018 00:00:00",-0.10351029823980999
"Tue 31 Jul 2018 00:00:00",-0.44504769200878896
"Wed 1 Aug 2018 00:00:00",-0.4106188160390823
"Thu 2 Aug 2018 00:00:00",-0.19364484419783215
"Fri 3 Aug 2018 00:00:00",-0.4147112611745534
"Mon 6 Aug 2018 00:00:00",-0.32096731260847083
"Tue 7 Aug 2018 00:00:00",0.17015405025006805
"Wed 8 Aug 2018 00:00:00",0.6503107741520747
"Thu 9 Aug 2018 00:00:00",0.7981838789760305
"Fri 10 Aug 2018 00:00:00",0.07542667571612179
"Mon 13 Aug 2018 00:00:00",-0.3931969925144287
"Tue 14 Aug 2018 00:00:00",-0.604718731448227
"Wed 15 Aug 2018 00:00:00",-0.7569946945264335
"Thu 16 Aug 2018 00:00:00",-0.8547243657508496
"Fri 17 Aug 2018 00:00:00",-0.8810947887598725
"Mon 20 Aug 2018 00:00:00",0.8339147746736181
"Tue 21 Aug 2018 00:00:00",0.8622319742274589
"Wed 22 Aug 2018 00:00:00",0.5770738456589326
"Thu 23 Aug 2018 00:00:00",-0.24877806498128185
"Fri 24 Aug 2018 00:00:00",0.3120992380534712
"Mon 27 Aug 2018 00:00:00",0.22058036567239325
"Tue 28 Aug 2018 00:00:00",-0.22679125712488732
"Wed 29 Aug 2018 00:00:00",-0.4615036807590129
"Thu 30 Aug 2018 00:00:00",-0.3384928974955904
"Fri 31 Aug 2018 00:00:00",-0.4519647721952142
"Tue 4 Sep 2018 00:00:00",0.09707907920368222
"Wed 5 Sep 2018 00:00:00",0.17675142999250162
"Thu 6 Sep 2018 00:00:00",-0.060953956496937856
"Fri 7 Sep 2018 00:00:00",0.08517464870598081
"Mon 10 Sep 2018 00:00:00",-0.264510595340722
"Tue 11 Sep 2018 00:00:00",0.11044025393137846
"Wed 12 Sep 2018 00:00:00",-0.20010403502410348
"Thu 13 Sep 2018 00:00:00",-0.20369530969911878
"Fri 14 Sep 2018 00:00:00",-0.05923922539736573
"Mon 17 Sep 2018 00:00:00",-0.022733342279208705
"Tue 18 Sep 2018 00:00:00",-0.0799975333534177
"Wed 19 Sep 2018 00:00:00",0.044329976471931994
"Thu 20 Sep 2018 00:00:00",0.26764254859024406
"Fri 21 Sep 2018 00:00:00",-0.3442389561151971
"Mon 24 Sep 2018 00:00:00",0.07048826999545488
"Tue 25 Sep 2018 00:00:00",-0.1642382764549061
"Wed 26 Sep 2018 00:00:00",-0.02582894662997914
"Thu 27 Sep 2018 00:00:00",-0.571268060008788
"Fri 28 Sep 2018 00:00:00",-0.21423752987104755
"Mon 1 Oct 2018 00:00:00",-0.2053890029238462
"Tue 2 Oct 2018 00:00:00",-0.7340249839620228
"Wed 3 Oct 2018 00:00:00",-0.24580590670176988
"Thu 4 Oct 2018 00:00:00",0.21266196907492144
"Fri 5 Oct 2018 00:00:00",-0.08386606615269109
"Mon 8 Oct 2018 00:00:00",0.18197713486189307
"Tue 9 Oct 2018 00:00:00",0.3755813519372883
"Wed 10 Oct 2018 00:00:00",0.5372281538278666
"Thu 11 Oct 2018 00:00:00",0.5004868300228827
"Fri 12 Oct 2018 00:00:00",0.6286943403674664
"Mon 15 Oct 2018 00:00:00",0.4974346797930322
"Tue 16 Oct 2018 00:00:00",0.09939749226230102
"Wed 17 Oct 2018 00:00:00",-0.14903882428213838
"Thu 18 Oct 2018 00:00:00",0.12460339915778165
"Fri 19 Oct 2018 00:00:00",0.08129785178205318
"Mon 22 Oct 2018 00:00:00",-0.19259399865134916
"Tue 23 Oct 2018 00:00:00",-0.17522474523229625
"Wed 24 Oct 2018 00:00:00",0.008879959894144229
"Thu 25 Oct 2018 00:00:00",-0.6768939866435513
"Fri 26 Oct 2018 00:00:00",-0.7759431411673522
"Mon 29 Oct 2018 00:00:00",-0.9841451271672955
"Tue 30 Oct 2018 00:00:00",-0.9905867799340786
"Wed 31 Oct 2018 00:00:00",-0.9935727014211769
"Thu 1 Nov 2018 00:00:00",-0.9972471281583611
"Fri 2 Nov 2018 00:00:00",-0.9889731200481797
"Mon 5 Nov 2018 00:00:00",-0.8535922813482283
"Tue 6 Nov 2018 00:00:00",0.03184013982851526
"Wed 7 Nov 2018 00:00:00",0.4100127642086398
"Thu 8 Nov 2018 00:00:00",0.2838297990582107
"Fri 9 Nov 2018 00:00:00",-0.09029426121249352
"Mon 12 Nov 2018 00:00:00",-0.23342357896074814
"Tue 13 Nov 2018 00:00:00",-0.35628884479116957
"Wed 14 Nov 2018 00:00:00",-0.19135609000358836
"Thu 15 Nov 2018 00:00:00",0.04436147782985209
"Fri 16 Nov 2018 00:00:00",0.41809157924823537
"Mon 19 Nov 2018 00:00:00",0.4659170616330843
"Tue 20 Nov 2018 00:00:00",0.05665281887015337
"Wed 21 Nov 2018 00:00:00",-0.8784712487630068
"Fri 23 Nov 2018 00:00:00",-0.9111538040455142
"Mon 26 Nov 2018 00:00:00",-0.8566566173336266
"Tue 27 Nov 2018 00:00:00",-0.7500975800266728
"Wed 28 Nov 2018 00:00:00",0.6145838488644685
"Thu 29 Nov 2018 00:00:00",0.7614186121820509
"Fri 30 Nov 2018 00:00:00",0.7943099514755951
"Mon 3 Dec 2018 00:00:00",0.8318885716813091
"Tue 4 Dec 2018 00:00:00",0.556495725156942
"Thu 6 Dec 2018 00:00:00",0.11309842275502843
"Fri 7 Dec 2018 00:00:00",0.13993781871004243
"Mon 10 Dec 2018 00:00:00",0.2766252076084461
"Tue 11 Dec 2018 00:00:00",0.6605747772615284
"Wed 12 Dec 2018 00:00:00",0.6277526187134362
"Thu 13 Dec 2018 00:00:00",0.2334092480689517
"Fri 14 Dec 2018 00:00:00",-0.24872697891004733
"Mon 17 Dec 2018 00:00:00",-0.2425537319392366
"Tue 18 Dec 2018 00:00:00",0.07089522532488277
"Wed 19 Dec 2018 00:00:00",0.7842607194971428
"Thu 20 Dec 2018 00:00:00",0.8432659109250485
"Fri 21 Dec 2018 00:00:00",0.8680043343771996
"Mon 24 Dec 2018 00:00:00",0.8522009383472713
"Wed 26 Dec 2018 00:00:00",0.6247274502722024
"Thu 27 Dec 2018 00:00:00",0.09805485267696003
"Fri 28 Dec 2018 00:00:00",0.6358668345847343
"Mon 31 Dec 2018 00:00:00",0.6341320350310238
"Wed 2 Jan 2019 00:00:00",0.5999857712287193
"Thu 3 Jan 2019 00:00:00",0.640139238365797
"Fri 4 Jan 2019 00:00:00",0.6128660741716196
"Mon 7 Jan 2019 00:00:00",0.35071328738349516
"Tue 8 Jan 2019 00:00:00",-0.026800746392201487
"Wed 9 Jan 2019 00:00:00",0.5792412823072778
"Thu 10 Jan 2019 00:00:00",0.23274660942401804
"Fri 11 Jan 2019 00:00:00",0.15336104434179124
"Mon 14 Jan 2019 00:00:00",-0.006896424718794203
"Tue 15 Jan 2019 00:00:00",0.8456377517125839
"Wed 16 Jan 2019 00:00:00",0.7021626468391904
"Thu 17 Jan 2019 00:00:00",0.6073281304816844
"Fri 18 Jan 2019 00:00:00",0.5852022918965295
"Tue 22 Jan 2019 00:00:00",0.5373165870456715
"Wed 23 Jan 2019 00:00:00",0.2757902817905117
"Thu 24 Jan 2019 00:00:00",0.08267951113054332
"Fri 25 Jan 2019 00:00:00",-0.07397999063904509
"Mon 28 Jan 2019 00:00:00",-0.07831085105028267
"Tue 29 Jan 2019 00:00:00",-0.1405977629384993
"Wed 30 Jan 2019 00:00:00",-0.4909237943977989
"Thu 31 Jan 2019 00:00:00",-0.009066437437968547
"Fri 1 Feb 2019 00:00:00",0.35311403998442376
"Mon 4 Feb 2019 00:00:00",0.286367319606293
"Tue 5 Feb 2019 00:00:00",0.34441696590406756
"Wed 6 Feb 2019 00:00:00",0.752632463654646
"Thu 7 Feb 2019 00:00:00",0.7574146019111048
"Fri 8 Feb 2019 00:00:00",0.6691427450384158
"Mon 11 Feb 2019 00:00:00",0.673005651631541
"Tue 12 Feb 2019 00:00:00",0.7669005860749823
"Wed 13 Feb 2019 00:00:00",-0.029713782469179262
"Thu 14 Feb 2019 00:00:00",-0.4036690113264112
"Fri 15 Feb 2019 00:00:00",-0.9888739268977081
"Tue 19 Feb 2019 00:00:00",-0.918009276500035
"Wed 20 Feb 2019 00:00:00",-0.9303409143780275
"Thu 21 Feb 2019 00:00:00",-0.96361783391198
"Fri 22 Feb 2019 00:00:00",-0.9211772559498993
"Mon 25 Feb 2019 00:00:00",-0.08036418890369605
"Tue 26 Feb 2019 00:00:00",-0.5529184004154892
"Wed 27 Feb 2019 00:00:00",-0.5794428344854463
"Thu 28 Feb 2019 00:00:00",-0.6707276886121184
"Fri 1 Mar 2019 00:00:00",-0.9301142980983151
"Mon 4 Mar 2019 00:00:00",-0.8919179764134458
"Tue 5 Mar 2019 00:00:00",-0.1399219284867884
"Wed 6 Mar 2019 00:00:00",-0.11967437660160245
"Thu 7 Mar 2019 00:00:00",-0.44738743143367443
"Fri 8 Mar 2019 00:00:00",-0.5143302160904066
"Mon 11 Mar 2019 00:00:00",-0.6553319033333016
"Tue 12 Mar 2019 00:00:00",-0.5318942406666547
"Wed 13 Mar 2019 00:00:00",-0.25218957105695095
"Thu 14 Mar 2019 00:00:00",-0.06617088579530808
"Fri 15 Mar 2019 00:00:00",0.9234720305915249
"Mon 18 Mar 2019 00:00:00",0.9614259229744321
"Tue 19 Mar 2019 00:00:00",0.9307651605582422
"Wed 20 Mar 2019 00:00:00",0.9697446595911635
"Thu 21 Mar 2019 00:00:00",0.9921214676370157
"Fri 22 Mar 2019 00:00:00",0.9827080013617339
"Mon 25 Mar 2019 00:00:00",0.6815483306913124
"Tue 26 Mar 2019 00:00:00",0.2638123291607987
"Wed 27 Mar 2019 00:00:00",0.1602296151954856
"Thu 28 Mar 2019 00:00:00",-0.07443155502634233
"Fri 29 Mar 2019 00:00:00",-0.5170932041591221
"Mon 1 Apr 2019 00:00:00",-0.27678268021014474
"Tue 2 Apr 2019 00:00:00",-0.027809283999596725
"Wed 3 Apr 2019 00:00:00",0.2773174966122277
"Thu 4 Apr 2019 00:00:00",0.2934455048918533
"Fri 5 Apr 2019 00:00:00",0.9759755645563677
"Mon 8 Apr 2019 00:00:00",0.770852846004678
"Tue 9 Apr 2019 00:00:00",0.524225915592601
"Wed 10 Apr 2019 00:00:00",0.00190894638435477
"Thu 11 Apr 2019 00:00:00",0.6737741190852466
"Fri 12 Apr 2019 00:00:00",0.7549520183689906
"Mon 15 Apr 2019 00:00:00",0.5831897727192159
"Tue 16 Apr 2019 00:00:00",0.8811217243797649
"Wed 17 Apr 2019 00:00:00",0.5967215798242651
"Thu 18 Apr 2019 00:00:00",0.8061663699181075
"Mon 22 Apr 2019 00:00:00",0.9130589119304943
"Tue 23 Apr 2019 00:00:00",0.6880429221866226
"Wed 24 Apr 2019 00:00:00",0.6999750297617264
"Thu 25 Apr 2019 00:00:00",0.7913083513041853
"Fri 26 Apr 2019 00:00:00",0.5417608050628987
"Mon 29 Apr 2019 00:00:00",0.0918884622506071
"Tue 30 Apr 2019 00:00:00",0.32919007758953966
"Wed 1 May 2019 00:00:00",0.3390326205447771
"Thu 2 May 2019 00:00:00",0.32404625745478605
"Fri 3 May 2019 00:00:00",0.9135563414246088
"Mon 6 May 2019 00:00:00",0.8641024668485145
"Tue 7 May 2019 00:00:00",0.9481748623665905
"Wed 8 May 2019 00:00:00",0.987816561480156
"Thu 9 May 2019 00:00:00",0.9628363886011587
"Fri 10 May 2019 00:00:00",0.942632974746342
"Mon 13 May 2019 00:00:00",0.8702761780134914
"Tue 14 May 2019 00:00:00",0.5913795231061773
"Wed 15 May 2019 00:00:00",0.5515933544385105
"Thu 16 May 2019 00:00:00",0.46223827247114213
"Fri 17 May 2019 00:00:00",0.513770893958687
"Mon 20 May 2019 00:00:00",0.7029835977204213
"Tue 21 May 2019 00:00:00",0.2241625036387909
"Wed 22 May 2019 00:00:00",0.06305292145994201
"Thu 23 May 2019 00:00:00",-0.4614875480608304
"Fri 24 May 2019 00:00:00",-0.6213972446587657
"Tue 28 May 2019 00:00:00",-0.7802125695713442
"Wed 29 May 2019 00:00:00",-0.4184820930978153
"Thu 30 May 2019 00:00:00",-0.42233498643113965
"Fri 31 May 2019 00:00:00",-0.888425103696798
"Mon 3 Jun 2019 00:00:00",-0.9236722141109972
"Tue 4 Jun 2019 00:00:00",-0.8949896188439029
"Wed 5 Jun 2019 00:00:00",-0.5278299505880949
"Thu 6 Jun 2019 00:00:00",-0.19529028760749315
"Fri 7 Jun 2019 00:00:00",-0.09697841052038819
"Mon 10 Jun 2019 00:00:00",0.2843050371694706
"Tue 11 Jun 2019 00:00:00",-0.1874548291532057
"Wed 12 Jun 2019 00:00:00",0.19255190551816834
"Thu 13 Jun 2019 00:00:00",0.6735537315429415
"Fri 14 Jun 2019 00:00:00",0.8362632486573028
"Mon 17 Jun 2019 00:00:00",0.6757062188234854
"Tue 18 Jun 2019 00:00:00",0.7344248160955521
"Wed 19 Jun 2019 00:00:00",0.6270226227508273
"Thu 20 Jun 2019 00:00:00",0.1853008413885913
"Fri 21 Jun 2019 00:00:00",0.00488617100115809
"Mon 24 Jun 2019 00:00:00",0.19468008702122372
"Tue 25 Jun 2019 00:00:00",-0.5013234087880905
"Wed 26 Jun 2019 00:00:00",-0.334833494331194
"Thu 27 Jun 2019 00:00:00",0.6087662165442529
"Fri 28 Jun 2019 00:00:00",0.5694440808736554
"Mon 1 Jul 2019 00:00:00",0.5364527406698921
"Tue 2 Jul 2019 00:00:00",0.7575988025462315
"Wed 3 Jul 2019 00:00:00",0.6719746857760974
"Fri 5 Jul 2019 00:00:00",0.5095006658357545
"Mon 8 Jul 2019 00:00:00",0.533191175971561
"Tue 9 Jul 2019 00:00:00",0.5392190969219657
"Wed 10 Jul 2019 00:00:00",0.5594209822531737
"Thu 11 Jul 2019 00:00:00",0.402445836167477
"Fri 12 Jul 2019 00:00:00",0.04597132982388203
"Mon 15 Jul 2019 00:00:00",0.06275882325230418
"Tue 16 Jul 2019 00:00:00",0.09049748653457357
"Wed 17 Jul 2019 00:00:00",-0.8303556346321789
"Thu 18 Jul 2019 00:00:00",-0.9617439019683064
"Fri 19 Jul 2019 00:00:00",0.026095405517159876
"Mon 22 Jul 2019 00:00:00",0.3234971277845444
"Tue 23 Jul 2019 00:00:00",0.5947489564268967
"Wed 24 Jul 2019 00:00:00",0.5301875098635396
"Thu 25 Jul 2019 00:00:00",0.08832166623925665
"Fri 26 Jul 2019 00:00:00",0.70692848903283
"Mon 29 Jul 2019 00:00:00",0.7885116622127304
"Tue 30 Jul 2019 00:00:00",0.950760726768603
"Wed 31 Jul 2019 00:00:00",0.19382265880409832
"Thu 1 Aug 2019 00:00:00",0.3522494181734299
"Fri 2 Aug 2019 00:00:00",-0.3855038810931441
"Mon 5 Aug 2019 00:00:00",-0.19169205357918498
"Tue 6 Aug 2019 00:00:00",-0.25704483185436106
"Wed 7 Aug 2019 00:00:00",-0.14472347638843483
"Thu 8 Aug 2019 00:00:00",-0.38717546124168833
"Fri 9 Aug 2019 00:00:00",0.21587566411100564
"Mon 12 Aug 2019 00:00:00",0.23412874936963582
"Tue 13 Aug 2019 00:00:00",0.30220306021524745
"Wed 14 Aug 2019 00:00:00",0.4672666720559159
"Thu 15 Aug 2019 00:00:00",0.6871602240389644
"Fri 16 Aug 2019 00:00:00",0.03358517649151803
"Mon 19 Aug 2019 00:00:00",0.23236451840963993
"Tue 20 Aug 2019 00:00:00",0.23196587106004524
"Wed 21 Aug 2019 00:00:00",0.12553371352496737
"Thu 22 Aug 2019 00:00:00",0.09636920485565903
"Fri 23 Aug 2019 00:00:00",0.45858807951497677
"Mon 26 Aug 2019 00:00:00",-0.006317736117410435
"Tue 27 Aug 2019 00:00:00",-0.46586379141489104
"Wed 28 Aug 2019 00:00:00",-0.5284592817868194
"Thu 29 Aug 2019 00:00:00",-0.3516228083746571
"Fri 30 Aug 2019 00:00:00",-0.023517935646177667
"Tue 3 Sep 2019 00:00:00",-0.7296623597451078
"Wed 4 Sep 2019 00:00:00",-0.8084875644341624
"Thu 5 Sep 2019 00:00:00",-0.28353357266550755
"Fri 6 Sep 2019 00:00:00",-0.4124828839637605
"Mon 9 Sep 2019 00:00:00",-0.8151326653707743
"Tue 10 Sep 2019 00:00:00",-0.5892542389160307
"Wed 11 Sep 2019 00:00:00",-0.5914422260605409
"Thu 12 Sep 2019 00:00:00",-0.6110636115922367
"Fri 13 Sep 2019 00:00:00",-0.5939055103655113
"Mon 16 Sep 2019 00:00:00",-0.5709406560932611
"Tue 17 Sep 2019 00:00:00",-0.8393533905270778
"Wed 18 Sep 2019 00:00:00",0.02408411483045818
"Thu 19 Sep 2019 00:00:00",0.5898186733946744
"Fri 20 Sep 2019 00:00:00",0.7506785034697608
"Mon 23 Sep 2019 00:00:00",0.7664727991166135
"Tue 24 Sep 2019 00:00:00",0.8446010055235645
"Wed 25 Sep 2019 00:00:00",0.8663507858319293
"Thu 26 Sep 2019 00:00:00",0.8700005317966539
"Fri 27 Sep 2019 00:00:00",0.8582165932017144
"Mon 30 Sep 2019 00:00:00",0.9281798225833323
"Tue 1 Oct 2019 00:00:00",0.911189774920262
"Wed 2 Oct 2019 00:00:00",0.884631606903785
"Thu 3 Oct 2019 00:00:00",0.6281094115692675
"Fri 4 Oct 2019 00:00:00",0.7763182470877994
"Mon 7 Oct 2019 00:00:00",0.7207902007087899
"Tue 8 Oct 2019 00:00:00",0.44638179680248635
"Wed 9 Oct 2019 00:00:00",-0.8561235557059058
"Thu 10 Oct 2019 00:00:00",0.5560284563137735
"Fri 11 Oct 2019 00:00:00",0.6273341218813896
"Mon 14 Oct 2019 00:00:00",0.7422245002017611
"Tue 15 Oct 2019 00:00:00",0.8805685167350052
"Wed 16 Oct 2019 00:00:00",-0.48079462042014387
"Thu 17 Oct 2019 00:00:00",-0.5871581972714224
"Fri 18 Oct 2019 00:00:00",-0.7584275583914822
"Mon 21 Oct 2019 00:00:00",-0.9524516547297543
"Tue 22 Oct 2019 00:00:00",-0.9558897309686888
"Wed 23 Oct 2019 00:00:00",0.19650091542065667
"Thu 24 Oct 2019 00:00:00",0.2547855587227516
"Fri 25 Oct 2019 00:00:00",-0.5010898314043389
"Mon 28 Oct 2019 00:00:00",-0.32188934455357865
"Tue 29 Oct 2019 00:00:00",-0.21778866179024964
"Wed 30 Oct 2019 00:00:00",-0.36832643666721915
"Thu 31 Oct 2019 00:00:00",-0.49075136684991416
"Fri 1 Nov 2019 00:00:00",-0.8652758239414411
"Mon 4 Nov 2019 00:00:00",-0.7483053308331608
"Tue 5 Nov 2019 00:00:00",-0.4609174197201519
"Wed 6 Nov 2019 00:00:00",-0.5880274158337792
"Thu 7 Nov 2019 00:00:00",-0.16879846200985194
"Fri 8 Nov 2019 00:00:00",-0.33173774341598383
"Mon 11 Nov 2019 00:00:00",-0.3362005144445117
"Tue 12 Nov 2019 00:00:00",-0.3306187811875167
"Wed 13 Nov 2019 00:00:00",0.08707710489963762
"Thu 14 Nov 2019 00:00:00",0.025142946585614705
"Fri 15 Nov 2019 00:00:00",0.6088814142172182
"Mon 18 Nov 2019 00:00:00",0.5979123871855803
"Tue 19 Nov 2019 00:00:00",0.6527933415035821
"Wed 20 Nov 2019 00:00:00",0.04054188411361676
"Thu 21 Nov 2019 00:00:00",0.03719312532718904
"Fri 22 Nov 2019 00:00:00",-0.8539179694211558
"Mon 25 Nov 2019 00:00:00",-0.7834546094758497
"Tue 26 Nov 2019 00:00:00",-0.9638581364828581
"Wed 27 Nov 2019 00:00:00",-0.8553281541487452
"Fri 29 Nov 2019 00:00:00",-0.8722162457619609
"Mon 2 Dec 2019 00:00:00",-0.913624333514316
"Tue 3 Dec 2019 00:00:00",-0.5538945604884079
"Wed 4 Dec 2019 00:00:00",-0.3171071949716117
"Thu 5 Dec 2019 00:00:00",-0.4483523101408057
"Fri 6 Dec 2019 00:00:00",-0.5217234870994806
"Mon 9 Dec 2019 00:00:00",-0.5550182260179375
"Tue 10 Dec 2019 00:00:00",-0.6047360135402061
"Wed 11 Dec 2019 00:00:00",-0.29540096924505593
"Thu 12 Dec 2019 00:00:00",-0.16860930331007185
"Fri 13 Dec 2019 00:00:00",-0.20502008668199853
"Mon 16 Dec 2019 00:00:00",0.8885970834212645
"Tue 17 Dec 2019 00:00:00",0.5910584012130592
"Wed 18 Dec 2019 00:00:00",0.5029034495862204
"Thu 19 Dec 2019 00:00:00",0.4608395930826027
"Fri 20 Dec 2019 00:00:00",0.6299958222389531
"Mon 23 Dec 2019 00:00:00",-0.5759964550258584
"Tue 24 Dec 2019 00:00:00",-0.3002227929412317
"Thu 26 Dec 2019 00:00:00",-0.696849386479127
"Fri 27 Dec 2019 00:00:00",-0.802454021504342
"Mon 30 Dec 2019 00:00:00",-0.7867638378258431
"Tue 31 Dec 2019 00:00:00",-0.4921979033499186
"Thu 2 Jan 2020 00:00:00",-0.21936532413149942
"Fri 3 Jan 2020 00:00:00",0.31483520899667916
"Mon 6 Jan 2020 00:00:00",0.2933792058034504
"Tue 7 Jan 2020 00:00:00",0.35947355133454695
"Wed 8 Jan 2020 00:00:00",-0.45349519883669426
"Thu 9 Jan 2020 00:00:00",-0.6118064687648893
"Fri 10 Jan 2020 00:00:00",-0.5311605716376595
"Mon 13 Jan 2020 00:00:00",-0.20272149822555519
"Tue 14 Jan 2020 00:00:00",-0.5013423483558949
"Wed 15 Jan 2020 00:00:00",0.5039954706274052
"Thu 16 Jan 2020 00:00:00",0.6048073262102972
"Fri 17 Jan 2020 00:00:00",0.15279437450952962
"Tue 21 Jan 2020 00:00:00",0.3132359757405702
"Wed 22 Jan 2020 00:00:00",0.035468219789834846
"Thu 23 Jan 2020 00:00:00",-0.2883722818613011
"Fri 24 Jan 2020 00:00:00",0.026449292996726978
"Mon 27 Jan 2020 00:00:00",0.4994421518693758
"Tue 28 Jan 2020 00:00:00",0.6903975523539607
"Wed 29 Jan 2020 00:00:00",0.7100527484166486
"Thu 30 Jan 2020 00:00:00",0.6517433463664571
"Fri 31 Jan 2020 00:00:00",0.5084029955930182
"Mon 3 Feb 2020 00:00:00",-0.8923771734088181
"Tue 4 Feb 2020 00:00:00",-0.8630842581177298
"Wed 5 Feb 2020 00:00:00",-0.826707690329486
"Thu 6 Feb 2020 00:00:00",-0.8267164367801753
"Fri 7 Feb 2020 00:00:00",-0.4052284040405028
"Mon 10 Feb 2020 00:00:00",-0.10877974458979234
"Tue 11 Feb 2020 00:00:00",-0.0939714819486654
"Wed 12 Feb 2020 00:00:00",0.15400187608666857
"Thu 13 Feb 2020 00:00:00",-0.41193313550506105
"Fri 14 Feb 2020 00:00:00",0.14210734620309814
"Tue 18 Feb 2020 00:00:00",0.864176823962375
"Wed 19 Feb 2020 00:00:00",0.8648032518446456
"Thu 20 Feb 2020 00:00:00",0.34245987837967234
"Fri 21 Feb 2020 00:00:00",0.46034631561190026
"Mon 24 Feb 2020 00:00:00",0.671316346393892
"Tue 25 Feb 2020 00:00:00",0.8450261970633088
"Wed 26 Feb 2020 00:00:00",0.8318801264023351
"Thu 27 Feb 2020 00:00:00",0.9316948517218325
"Fri 28 Feb 2020 00:00:00",0.836198207979603
"Mon 2 Mar 2020 00:00:00",0.7613046818066802
"Tue 3 Mar 2020 00:00:00",0.8387373180601584
"Wed 4 Mar 2020 00:00:00",0.8592807240069372
"Thu 5 Mar 2020 00:00:00",0.8070076792988007
"Fri 6 Mar 2020 00:00:00",0.8399038753728859
"Mon 9 Mar 2020 00:00:00",0.927033979618685
"Tue 10 Mar 2020 00:00:00",0.8791724485198895
"Wed 11 Mar 2020 00:00:00",0.8920966748762272
"Thu 12 Mar 2020 00:00:00",0.8631900599626832
"Fri 13 Mar 2020 00:00:00",0.8338271334319762
"Mon 16 Mar 2020 00:00:00",0.7787692465459419
"Tue 17 Mar 2020 00:00:00",0.6528302592396372
"Wed 18 Mar 2020 00:00:00",0.7466177950704935
"Thu 19 Mar 2020 00:00:00",0.8163923045242535
"Fri 20 Mar 2020 00:00:00",0.9024663041556213
"Mon 23 Mar 2020 00:00:00",0.9404387804858589
"Tue 24 Mar 2020 00:00:00",0.885924987309189
"Wed 25 Mar 2020 00:00:00",0.8165308791490538
"Thu 26 Mar 2020 00:00:00",0.8308212257738875
"Fri 27 Mar 2020 00:00:00",0.8657125579315789
"Mon 30 Mar 2020 00:00:00",0.8094543156616413
"Tue 31 Mar 2020 00:00:00",0.7405635462671981
"Wed 1 Apr 2020 00:00:00",0.49114453109790596
"Thu 2 Apr 2020 00:00:00",-0.01965703902141092
"Fri 3 Apr 2020 00:00:00",-0.7946638389675302
"Mon 6 Apr 2020 00:00:00",-0.07299703053951682
"Tue 7 Apr 2020 00:00:00",-0.31301244490843805
"Wed 8 Apr 2020 00:00:00",0.6425241892023102
"Thu 9 Apr 2020 00:00:00",0.7294717452679458
"Mon 13 Apr 2020 00:00:00",0.723659630333006
"Tue 14 Apr 2020 00:00:00",0.8073493849548135
"Wed 15 Apr 2020 00:00:00",0.8705951070820456
"Thu 16 Apr 2020 00:00:00",0.6994142630890976
"Fri 17 Apr 2020 00:00:00",0.9298787924259667
"Mon 20 Apr 2020 00:00:00",0.4897706399266352
"Tue 21 Apr 2020 00:00:00",0.4828263960911625
"Wed 22 Apr 2020 00:00:00",0.2339068130622216
"Thu 23 Apr 2020 00:00:00",0.6773439576324397
"Fri 24 Apr 2020 00:00:00",0.6156810135754018
"Mon 27 Apr 2020 00:00:00",0.8417172266908095
"Tue 28 Apr 2020 00:00:00",0.12289066146362088
"Wed 29 Apr 2020 00:00:00",0.49952030445014517
"Thu 30 Apr 2020 00:00:00",0.5556993819339742
"Fri 1 May 2020 00:00:00",0.6230559602923316
"Mon 4 May 2020 00:00:00",-0.3957646721043522
"Tue 5 May 2020 00:00:00",-0.21836244495571963
"Wed 6 May 2020 00:00:00",-0.11214509205976134
"Thu 7 May 2020 00:00:00",-0.6032537998528341
"Fri 8 May 2020 00:00:00",-0.6510087070459009
"Mon 11 May 2020 00:00:00",-0.27733726417396737
"Tue 12 May 2020 00:00:00",-0.3200460594998062
"Wed 13 May 2020 00:00:00",0.18582257411122827
"Thu 14 May 2020 00:00:00",0.39944227890151174
"Fri 15 May 2020 00:00:00",0.6022485655308977
"Mon 18 May 2020 00:00:00",0.5607655762213389
"Tue 19 May 2020 00:00:00",0.5972930513430681
"Wed 20 May 2020 00:00:00",0.5807571612520307
"Thu 21 May 2020 00:00:00",0.14649519457882457
"Fri 22 May 2020 00:00:00",-0.21117443300237504
"Tue 26 May 2020 00:00:00",-0.20139382908806283
"Wed 27 May 2020 00:00:00",-0.46606647751974006
"Thu 28 May 2020 00:00:00",-0.30503306918096246
"Fri 29 May 2020 00:00:00",-0.11371541734768434
"Mon 1 Jun 2020 00:00:00",0.5168187104816
"Tue 2 Jun 2020 00:00:00",0.8733758922210813
"Wed 3 Jun 2020 00:00:00",0.6963316504444902
"Thu 4 Jun 2020 00:00:00",0.5973546118899686
"Fri 5 Jun 2020 00:00:00",0.8024130682433307
"Mon 8 Jun 2020 00:00:00",0.8038881113509033
"Tue 9 Jun 2020 00:00:00",0.7595868103482871
"Wed 10 Jun 2020 00:00:00",0.8596065641813475
"Thu 11 Jun 2020 00:00:00",0.9190750247526037
"Fri 12 Jun 2020 00:00:00",-0.20655464481994262
"Mon 15 Jun 2020 00:00:00",0.005649553168005434
"Tue 16 Jun 2020 00:00:00",-0.12501522593656794
"Wed 17 Jun 2020 00:00:00",-0.7421548111609118
"Thu 18 Jun 2020 00:00:00",-0.48393269575252224
"Fri 19 Jun 2020 00:00:00",-0.4249714951033577
"Mon 22 Jun 2020 00:00:00",0.01177899913000447
"Tue 23 Jun 2020 00:00:00",0.12169506701201806
"Wed 24 Jun 2020 00:00:00",0.3932793678339736
"Thu 25 Jun 2020 00:00:00",0.3326328675548639
"Fri 26 Jun 2020 00:00:00",0.3378029665526667
"Mon 29 Jun 2020 00:00:00",-0.6706945033684525
"Tue 30 Jun 2020 00:00:00",-0.3134156586343227
"Wed 1 Jul 2020 00:00:00",-0.3412790641482759
"Thu 2 Jul 2020 00:00:00",-0.30394672016156815
"Mon 6 Jul 2020 00:00:00",-0.7548881462237418
"Tue 7 Jul 2020 00:00:00",-0.4618393479550596
"Wed 8 Jul 2020 00:00:00",-0.39687380220822727
"Thu 9 Jul 2020 00:00:00",-0.41605923878299406
"Fri 10 Jul 2020 00:00:00",0.1383034577589517
"Mon 13 Jul 2020 00:00:00",0.13285185423519555
"Tue 14 Jul 2020 00:00:00",-0.8468901837077093
"Wed 15 Jul 2020 00:00:00",-0.7610934539336225
"Thu 16 Jul 2020 00:00:00",-0.8283596932461018
"Fri 17 Jul 2020 00:00:00",-0.8158581157565531
"Mon 20 Jul 2020 00:00:00",-0.9250048796177415
"Tue 21 Jul 2020 00:00:00",-0.6689849283924505
"Wed 22 Jul 2020 00:00:00",-0.6658080703408648
"Thu 23 Jul 2020 00:00:00",-0.551109921256459
"Fri 24 Jul 2020 00:00:00",-0.06526821822459314
"Mon 27 Jul 2020 00:00:00",0.00025273841806683627
"Tue 28 Jul 2020 00:00:00",-0.03182938051955133
"Wed 29 Jul 2020 00:00:00",0.5374710500420216
"Thu 30 Jul 2020 00:00:00",0.4219138993582385
"Fri 31 Jul 2020 00:00:00",0.23098591141760974
"Mon 3 Aug 2020 00:00:00",0.6296613966231995
"Tue 4 Aug 2020 00:00:00",0.8145649925571358
"Wed 5 Aug 2020 00:00:00",0.7984232469308344
"Thu 6 Aug 2020 00:00:00",0.8951168734874253
"Fri 7 Aug 2020 00:00:00",0.7932954502099357
"Mon 10 Aug 2020 00:00:00",0.7852275515567859
"Tue 11 Aug 2020 00:00:00",0.7438167487638675
"Wed 12 Aug 2020 00:00:00",0.4877712094816604
"Thu 13 Aug 2020 00:00:00",0.33828968201485127
"Fri 14 Aug 2020 00:00:00",-0.6381161947202173
"Mon 17 Aug 2020 00:00:00",-0.5147459429250144
"Tue 18 Aug 2020 00:00:00",-0.0979719432698958
"Wed 19 Aug 2020 00:00:00",-0.27594159380632627
"Thu 20 Aug 2020 00:00:00",-0.28414082456985285
"Fri 21 Aug 2020 00:00:00",0.1421051323548727
"Mon 24 Aug 2020 00:00:00",-0.009009121649670973
"Tue 25 Aug 2020 00:00:00",0.2090068072422124
"Wed 26 Aug 2020 00:00:00",0.5420364278214441
"Thu 27 Aug 2020 00:00:00",0.5728392705909289
"Fri 28 Aug 2020 00:00:00",0.7646594906263988
"Mon 31 Aug 2020 00:00:00",0.7110040197159282
"Tue 1 Sep 2020 00:00:00",0.6831503119427382
"Wed 2 Sep 2020 00:00:00",0.790769865658143
"Thu 3 Sep 2020 00:00:00",0.6829779942746116
"Fri 4 Sep 2020 00:00:00",0.6827205352180117
"Tue 8 Sep 2020 00:00:00",0.8256082291223351
"Wed 9 Sep 2020 00:00:00",0.30110378670350446
"Thu 10 Sep 2020 00:00:00",0.6299104842081349
"Fri 11 Sep 2020 00:00:00",0.6206896722638693
"Mon 14 Sep 2020 00:00:00",0.7259403347069435
"Tue 15 Sep 2020 00:00:00",0.05187643885231441
"Wed 16 Sep 2020 00:00:00",-0.46535585965469656
"Thu 17 Sep 2020 00:00:00",-0.3601486491187735
"Fri 18 Sep 2020 00:00:00",0.03023222094691807
"Mon 21 Sep 2020 00:00:00",0.6145207332578516
"Tue 22 Sep 2020 00:00:00",0.27444883358200167
"Wed 23 Sep 2020 00:00:00",0.48824587469880554
"Thu 24 Sep 2020 00:00:00",-0.24380153537375138
"Fri 25 Sep 2020 00:00:00",-0.09419332921544252
"Mon 28 Sep 2020 00:00:00",0.18738859659137283
"Tue 29 Sep 2020 00:00:00",0.40006843192732955
"Wed 30 Sep 2020 00:00:00",0.5682321862099248
"Thu 1 Oct 2020 00:00:00",0.5203550662463216
"Fri 2 Oct 2020 00:00:00",0.4857824679830061
"Mon 5 Oct 2020 00:00:00",0.2460438551201784
"Tue 6 Oct 2020 00:00:00",0.594502371362893
"Wed 7 Oct 2020 00:00:00",-0.2840350455104925
"Thu 8 Oct 2020 00:00:00",0.4808814595208005
"Fri 9 Oct 2020 00:00:00",0.4500842513428388
"Mon 12 Oct 2020 00:00:00",0.7948771822736217
"Tue 13 Oct 2020 00:00:00",0.8550007853252466
"Wed 14 Oct 2020 00:00:00",0.6700969813104891
"Thu 15 Oct 2020 00:00:00",-0.07217191181618741
"Fri 16 Oct 2020 00:00:00",0.16925733499282955
"Mon 19 Oct 2020 00:00:00",-0.2703443278703826
"Tue 20 Oct 2020 00:00:00",-0.21009690864453406
"Wed 21 Oct 2020 00:00:00",-0.2846609232498034
"Thu 22 Oct 2020 00:00:00",0.5383513759498345
"Fri 23 Oct 2020 00:00:00",0.7231295413035586
"Mon 26 Oct 2020 00:00:00",0.8968399513797688
"Tue 27 Oct 2020 00:00:00",0.8603084966421252
"Wed 28 Oct 2020 00:00:00",0.785429400445241
"Thu 29 Oct 2020 00:00:00",-0.7213812075759178
"Fri 30 Oct 2020 00:00:00",-0.7073245821731547
"Mon 2 Nov 2020 00:00:00",-0.3773028928362674
"Tue 3 Nov 2020 00:00:00",0.6369655428814647
"Wed 4 Nov 2020 00:00:00",0.5759153990159581
"Thu 5 Nov 2020 00:00:00",0.502740356965825
"Fri 6 Nov 2020 00:00:00",0.8727807492129334
"Mon 9 Nov 2020 00:00:00",0.88390879324461
"Tue 10 Nov 2020 00:00:00",0.7240452263303743
"Wed 11 Nov 2020 00:00:00",0.31971584163900196
"Thu 12 Nov 2020 00:00:00",-0.26884182828207875
"Fri 13 Nov 2020 00:00:00",-0.2190035495406808
"Mon 16 Nov 2020 00:00:00",-0.25642152911365657
"Tue 17 Nov 2020 00:00:00",0.20319896077935562
"Wed 18 Nov 2020 00:00:00",0.07461940561099871
"Thu 19 Nov 2020 00:00:00",-0.15369965836167465
"Fri 20 Nov 2020 00:00:00",-0.23123854401427288
"Mon 23 Nov 2020 00:00:00",-0.19420490823032985
"Tue 24 Nov 2020 00:00:00",-0.15083648918484682
"Wed 25 Nov 2020 00:00:00",-0.1136392478116103
"Fri 27 Nov 2020 00:00:00",0.583071410141352
"Mon 30 Nov 2020 00:00:00",0.7267456625820821
"Tue 1 Dec 2020 00:00:00",0.45480704737053984
"Wed 2 Dec 2020 00:00:00",0.5232212630660257
"Thu 3 Dec 2020 00:00:00",0.45338107204890465
"Fri 4 Dec 2020 00:00:00",0.3310650205660676
"Mon 7 Dec 2020 00:00:00",0.1113496737528229
"Tue 8 Dec 2020 00:00:00",0.19594793632785099
"Wed 9 Dec 2020 00:00:00",0.24820832583891225
"Thu 10 Dec 2020 00:00:00",-0.23732284433080106
"Fri 11 Dec 2020 00:00:00",0.5303225810948285
"Mon 14 Dec 2020 00:00:00",0.2683229326542246
"Tue 15 Dec 2020 00:00:00",0.698177084760561
"Wed 16 Dec 2020 00:00:00",0.5726712050102224
"Thu 17 Dec 2020 00:00:00",-0.034787109640790854
"Fri 18 Dec 2020 00:00:00",-0.16178654315932797
"Mon 21 Dec 2020 00:00:00",0.02102449399341263
"Tue 22 Dec 2020 00:00:00",-0.13750763915823927
"Wed 23 Dec 2020 00:00:00",0.16724209411578284
"Thu 24 Dec 2020 00:00:00",0.8303389262370853
"Mon 28 Dec 2020 00:00:00",0.955439400060734
"Tue 29 Dec 2020 00:00:00",0.9855847077028745
"Wed 30 Dec 2020 00:00:00",0.04541430341056656
"Thu 31 Dec 2020 00:00:00",0.02211571847786093
"Mon 4 Jan 2021 00:00:00",-0.011434446372926104
"Tue 5 Jan 2021 00:00:00",0.03205816130529251
"Wed 6 Jan 2021 00:00:00",-0.3091364399148339
"Thu 7 Jan 2021 00:00:00",0.9104735396148965
"Fri 8 Jan 2021 00:00:00",0.22587897294767445
"Mon 11 Jan 2021 00:00:00",0.05203130125750367
"Tue 12 Jan 2021 00:00:00",0.16166551882301747
"Wed 13 Jan 2021 00:00:00",0.5328974361936143
"Thu 14 Jan 2021 00:00:00",0.8073839352480616
"Fri 15 Jan 2021 00:00:00",0.8353452521244128
"Tue 19 Jan 2021 00:00:00",0.22466936338390722
"Wed 20 Jan 2021 00:00:00",0.3911250934689601
"Thu 21 Jan 2021 00:00:00",0.3688835980168687
"Fri 22 Jan 2021 00:00:00",-0.28776911262168625
"Mon 25 Jan 2021 00:00:00",-0.07397675612545847
"Tue 26 Jan 2021 00:00:00",0.14320821334035733
"Wed 27 Jan 2021 00:00:00",-0.18581045045411915
"Thu 28 Jan 2021 00:00:00",0.01264655030017013
"Fri 29 Jan 2021 00:00:00",0.3117576724510549
"Mon 1 Feb 2021 00:00:00",-0.20687241647595594
"Tue 2 Feb 2021 00:00:00",0.041981438359210796
"Wed 3 Feb 2021 00:00:00",0.3554992355986592
"Thu 4 Feb 2021 00:00:00",0.05865135560629823
"Fri 5 Feb 2021 00:00:00",0.10533780391357996
"Mon 8 Feb 2021 00:00:00",0.40956500510696014
"Tue 9 Feb 2021 00:00:00",0.4559876541527497
"Wed 10 Feb 2021 00:00:00",0.5345184475806228
"Thu 11 Feb 2021 00:00:00",0.9456174036870046
"Fri 12 Feb 2021 00:00:00",0.8745272173162915
"Tue 16 Feb 2021 00:00:00",0.8486268451978604
"Wed 17 Feb 2021 00:00:00",0.853915211481519
"Thu 18 Feb 2021 00:00:00",0.6919119720614074
"Fri 19 Feb 2021 00:00:00",0.5782795369282719
"Mon 22 Feb 2021 00:00:00",0.05926179563884861
"Tue 23 Feb 2021 00:00:00",0.15640350616641815
"Wed 24 Feb 2021 00:00:00",0.08083666297467505
"Thu 25 Feb 2021 00:00:00",-0.2683028212504703
"Fri 26 Feb 2021 00:00:00",-0.525025725558718
"Mon 1 Mar 2021 00:00:00",0.1466952435771945
"Tue 2 Mar 2021 00:00:00",-0.2545732676130495
"Wed 3 Mar 2021 00:00:00",-0.18313167613061346
"Thu 4 Mar 2021 00:00:00",-0.08616200744306858
"Fri 5 Mar 2021 00:00:00",-0.3224070453324681
"Mon 8 Mar 2021 00:00:00",-0.336983431600501
"Tue 9 Mar 2021 00:00:00",0.1535944891396292
"Wed 10 Mar 2021 00:00:00",-0.026545623829630615
"Thu 11 Mar 2021 00:00:00",0.08505256303457155
"Fri 12 Mar 2021 00:00:00",0.9380270052369619
"Mon 15 Mar 2021 00:00:00",0.6123447984750895
"Tue 16 Mar 2021 00:00:00",0.6159094184174158
"Wed 17 Mar 2021 00:00:00",0.1444774059921909
"Thu 18 Mar 2021 00:00:00",0.5113951439546784
"Fri 19 Mar 2021 00:00:00",-0.07157817684662315
"Mon 22 Mar 2021 00:00:00",0.28373404967094645
